{"stats":{"minecraft:dropped":{"minecraft:structure_block":1,"minecraft:bell":1},"minecraft:picked_up":{"minecraft:wheat":7,"minecraft:structure_block":1,"minecraft:enchanted_book":1,"minecraft:gunpowder":37,"minecraft:music_disc_cat":2,"minecraft:string":32,"minecraft:name_tag":5,"minecraft:bone":34,"minecraft:oak_sign":4,"minecraft:bucket":2,"minecraft:bell":1,"minecraft:iron_ingot":4,"structure_gel:blue_gel":1,"minecraft:redstone_torch":4,"minecraft:enchanted_golden_apple":1,"minecraft:stick":1,"minecraft:music_disc_13":2,"minecraft:redstone":5,"minecraft:iron_horse_armor":1,"minecraft:pumpkin_seeds":4,"minecraft:rotten_flesh":39,"minecraft:beetroot_seeds":4,"minecraft:diamond_boots":1,"minecraft:saddle":4,"minecraft:gold_ingot":2,"minecraft:bread":5,"minecraft:melon_seeds":3,"minecraft:coal":11,"minecraft:skeleton_skull":62},"minecraft:custom":{"minecraft:mob_kills":4,"minecraft:play_one_minute":604130,"minecraft:leave_game":19,"minecraft:time_since_death":604130,"minecraft:climb_one_cm":330,"minecraft:time_since_rest":604130,"minecraft:sprint_one_cm":17210,"minecraft:walk_one_cm":124233,"minecraft:drop":2,"minecraft:damage_dealt":130,"minecraft:talked_to_villager":1,"minecraft:fly_one_cm":3817531,"minecraft:open_chest":6,"minecraft:crouch_one_cm":21288,"minecraft:sneak_time":40942,"minecraft:jump":424,"minecraft:walk_on_water_one_cm":226,"minecraft:inspect_dispenser":7},"minecraft:used":{"minecraft:spider_spawn_egg":1,"minecraft:oak_fence":25,"structure_gel:cyan_gel":3,"minecraft:dark_oak_stairs":3,"minecraft:water_bucket":3,"minecraft:light_blue_stained_glass_pane":16,"minecraft:iron_bars":59,"minecraft:jigsaw":126,"minecraft:cobblestone_stairs":25,"minecraft:sandstone_stairs":20,"minecraft:flint_and_steel":2,"minecraft:dead_bush":12,"minecraft:witch_spawn_egg":2,"minecraft:red_concrete":1,"minecraft:dispenser":3,"minecraft:oak_planks":18,"minecraft:lime_wool":68,"minecraft:bone_block":1504,"minecraft:oak_sign":11,"minecraft:clay":41,"minecraft:cut_sandstone":59,"minecraft:chest":28,"minecraft:sandstone":225,"minecraft:white_terracotta":1,"minecraft:brown_mushroom":3,"minecraft:stone":2073,"minecraft:zombie_spawn_egg":2,"minecraft:spruce_sign":1,"minecraft:structure_void":10,"minecraft:cobblestone_slab":64,"minecraft:grass":3,"minecraft:stonecutter":4,"minecraft:beacon":1,"minecraft:bell":2,"minecraft:vex_spawn_egg":1,"minecraft:gold_ore":11,"minecraft:sandstone_wall":93,"minecraft:structure_block":172,"minecraft:netherrack":3,"minecraft:white_wool":12,"minecraft:lily_of_the_valley":2,"minecraft:dark_oak_trapdoor":23,"minecraft:dirt":33,"minecraft:mossy_cobblestone":11,"minecraft:terracotta":15,"minecraft:sand":64,"minecraft:rail":8,"minecraft:skeleton_spawn_egg":1,"minecraft:vine":50,"minecraft:oak_slab":13,"minecraft:crafting_table":1,"minecraft:cobblestone_wall":4,"minecraft:yellow_concrete":2,"minecraft:campfire":1,"minecraft:stone_brick_wall":17,"structure_gel:red_gel":29,"structure_gel:orange_gel":111,"minecraft:jungle_trapdoor":8,"minecraft:spruce_fence":2,"minecraft:cyan_wool":2,"minecraft:dark_oak_door":2,"minecraft:redstone_torch":9,"minecraft:mossy_cobblestone_stairs":25,"minecraft:glass":146,"minecraft:piston":1,"minecraft:stone_brick_slab":19,"minecraft:dark_oak_planks":17,"minecraft:lever":3,"structure_gel:blue_gel":153,"minecraft:packed_ice":33,"minecraft:cyan_terracotta":6,"minecraft:coal_ore":10,"minecraft:chiseled_sandstone":16,"minecraft:villager_spawn_egg":4,"minecraft:dark_oak_log":25,"minecraft:red_wool":23,"minecraft:lantern":3,"minecraft:iron_block":40,"minecraft:oak_stairs":58,"minecraft:barrier":1,"minecraft:spawner":6,"minecraft:stone_slab":18,"minecraft:dark_oak_slab":2,"minecraft:mossy_cobblestone_slab":34,"minecraft:spruce_trapdoor":36,"minecraft:oak_pressure_plate":1,"minecraft:barrel":3,"minecraft:stone_brick_stairs":41,"minecraft:stone_bricks":445,"minecraft:red_carpet":12,"minecraft:fire_charge":1,"minecraft:purple_concrete":1,"minecraft:cobblestone":1498,"minecraft:brown_carpet":2,"minecraft:snow":22,"minecraft:andesite":17,"minecraft:gold_block":21,"minecraft:skeleton_skull":5,"minecraft:ice":2,"minecraft:stone_pressure_plate":1,"minecraft:splash_potion":3,"minecraft:cobweb":28,"structure_gel:green_gel":2}},"DataVersion":1976}