{"stats":{"minecraft:mined":{"minecraft:packed_ice":1},"minecraft:dropped":{"minecraft:end_stone_brick_slab":1,"structure_gel:blue_gel":2,"structure_gel:green_gel":1,"minecraft:jigsaw":3,"minecraft:obsidian":1,"minecraft:structure_block":1,"minecraft:end_stone":2,"minecraft:end_stone_brick_stairs":1,"minecraft:end_stone_bricks":2,"minecraft:bell":1},"minecraft:picked_up":{"minecraft:wheat":7,"minecraft:structure_block":1,"minecraft:enchanted_book":1,"minecraft:music_disc_cat":2,"minecraft:string":32,"minecraft:oak_sign":4,"minecraft:bucket":2,"minecraft:redstone_torch":4,"structure_gel:blue_gel":1,"minecraft:enchanted_golden_apple":1,"minecraft:stick":1,"minecraft:torch":1,"minecraft:redstone":5,"minecraft:iron_horse_armor":1,"minecraft:rotten_flesh":39,"minecraft:beetroot_seeds":4,"minecraft:diamond_boots":1,"minecraft:saddle":4,"minecraft:gold_ingot":2,"minecraft:skeleton_skull":62,"minecraft:gunpowder":37,"minecraft:name_tag":5,"minecraft:bone":34,"minecraft:bell":1,"minecraft:iron_ingot":4,"minecraft:music_disc_13":2,"minecraft:pumpkin_seeds":4,"minecraft:bread":5,"minecraft:chorus_fruit":16,"minecraft:melon_seeds":3,"minecraft:coal":11},"minecraft:custom":{"minecraft:mob_kills":5,"minecraft:leave_game":45,"minecraft:time_since_death":1282799,"minecraft:climb_one_cm":330,"minecraft:sprint_one_cm":85519,"minecraft:walk_one_cm":231884,"minecraft:drop":15,"minecraft:talked_to_villager":1,"minecraft:sneak_time":77812,"minecraft:jump":968,"minecraft:walk_on_water_one_cm":226,"minecraft:play_one_minute":1282799,"minecraft:time_since_rest":1282799,"minecraft:damage_dealt":199,"minecraft:fly_one_cm":7979865,"minecraft:open_chest":6,"minecraft:pig_one_cm":479,"minecraft:crouch_one_cm":33570,"minecraft:inspect_dispenser":7},"minecraft:used":{"minecraft:oak_fence":25,"structure_gel:cyan_gel":25,"minecraft:purpur_block":270,"minecraft:light_blue_stained_glass_pane":16,"minecraft:iron_bars":75,"minecraft:flint_and_steel":5,"minecraft:dead_bush":12,"minecraft:red_concrete":1,"minecraft:dispenser":3,"minecraft:redstone":3,"minecraft:bone_block":1504,"minecraft:oak_sign":11,"minecraft:mycelium":5,"minecraft:chest":28,"minecraft:white_terracotta":1,"minecraft:stone":2132,"minecraft:zombie_spawn_egg":5,"minecraft:grass":3,"minecraft:bell":2,"minecraft:vex_spawn_egg":1,"minecraft:sandstone_wall":93,"minecraft:structure_block":424,"minecraft:netherrack":40,"minecraft:torch":7,"minecraft:dragon_egg":1,"minecraft:end_stone_brick_wall":498,"minecraft:dirt":33,"minecraft:lily_of_the_valley":2,"minecraft:skeleton_spawn_egg":1,"minecraft:cobblestone_wall":4,"minecraft:jungle_trapdoor":8,"minecraft:spruce_fence":2,"minecraft:cyan_wool":2,"minecraft:obsidian":446,"minecraft:mossy_cobblestone_stairs":25,"minecraft:glass":376,"minecraft:stone_brick_slab":19,"minecraft:dark_oak_planks":17,"minecraft:packed_ice":2977,"minecraft:cyan_terracotta":6,"minecraft:coal_ore":10,"minecraft:villager_spawn_egg":4,"minecraft:red_wool":80,"minecraft:lantern":3,"minecraft:iron_block":50,"minecraft:grass_block":21,"minecraft:oak_stairs":58,"structure_gel:yellow_gel":70,"minecraft:spawner":19,"minecraft:dark_oak_slab":2,"minecraft:mossy_cobblestone_slab":34,"minecraft:stone_brick_stairs":41,"minecraft:barrel":3,"minecraft:stone_bricks":445,"minecraft:bedrock":5,"minecraft:purple_concrete":1,"minecraft:glowstone":5,"minecraft:red_carpet":12,"minecraft:snow":559,"minecraft:magma_block":5,"minecraft:brown_carpet":2,"minecraft:gold_block":21,"minecraft:skeleton_skull":5,"minecraft:stone_pressure_plate":1,"minecraft:end_stone_brick_stairs":261,"minecraft:pumpkin":21,"structure_gel:green_gel":6,"minecraft:spider_spawn_egg":1,"minecraft:dark_oak_stairs":3,"minecraft:water_bucket":3,"minecraft:end_rod":26,"minecraft:end_stone_bricks":1225,"minecraft:jigsaw":320,"minecraft:cobblestone_stairs":25,"minecraft:sandstone_stairs":20,"minecraft:snow_block":223,"minecraft:witch_spawn_egg":2,"minecraft:polished_andesite":80,"minecraft:lime_wool":68,"minecraft:oak_planks":18,"minecraft:sandstone":225,"minecraft:cut_sandstone":59,"minecraft:brown_mushroom":3,"minecraft:structure_void":10,"minecraft:end_stone_brick_slab":447,"minecraft:spruce_sign":1,"minecraft:beacon":2,"minecraft:stonecutter":4,"minecraft:clay":88,"minecraft:cobblestone_slab":64,"minecraft:purpur_pillar":394,"minecraft:gold_ore":11,"minecraft:white_wool":12,"minecraft:mossy_cobblestone":11,"minecraft:dark_oak_trapdoor":23,"minecraft:sand":88,"minecraft:purpur_stairs":112,"minecraft:rail":8,"minecraft:terracotta":15,"minecraft:vine":50,"minecraft:oak_slab":13,"minecraft:tnt":3,"minecraft:crafting_table":1,"minecraft:phantom_spawn_egg":1,"minecraft:yellow_concrete":2,"minecraft:blue_ice":462,"minecraft:campfire":1,"structure_gel:orange_gel":111,"minecraft:stone_brick_wall":17,"structure_gel:red_gel":39,"minecraft:end_stone":444,"minecraft:dark_oak_door":2,"minecraft:redstone_torch":9,"minecraft:sticky_piston":7,"minecraft:piston":2,"minecraft:lever":5,"structure_gel:blue_gel":206,"minecraft:chiseled_sandstone":16,"minecraft:dark_oak_log":25,"minecraft:barrier":2,"minecraft:pig_spawn_egg":1,"minecraft:stone_slab":18,"minecraft:purpur_slab":175,"minecraft:spruce_trapdoor":36,"minecraft:oak_pressure_plate":1,"minecraft:gravel":31,"minecraft:fire_charge":1,"minecraft:cobblestone":1498,"minecraft:end_crystal":2,"minecraft:andesite":17,"minecraft:ice":450,"minecraft:oak_boat":1,"minecraft:coarse_dirt":23,"minecraft:chorus_plant":32,"minecraft:splash_potion":3,"minecraft:golden_pickaxe":1,"minecraft:cobweb":28}},"DataVersion":1976}